version,workers,stripes,seconds,h,w
0,1,1,1.627105294,2000,2000
0,1,1,1.711010239,2000,2000
0,1,1,1.480939996,2000,2000
0,1,1,1.555402287,2000,2000
